assets/img/brand/hero-rum.jpg	@1_085034_1b25279c-d555-4824-a718-06df29495911.png	1400
assets/img/galleri/gardiner-01.jpg	@1_084847_b36f91ae-1ee3-40b9-b5c1-aff52bbca02d.png	900
assets/img/galleri/gardiner-02.jpg	@1_084849_d11e966b-5550-4bf7-9808-59a0230a0ecd.png	900
assets/img/galleri/gardiner-03.jpg	@1_084850_d079feaf-7052-441b-a60c-ecfaafbed6bc.png	900
assets/img/galleri/gardiner-04.jpg	@1_084852_ee1a7cd6-93f0-4669-881c-7ba7863604f4.png	900
assets/img/galleri/gardiner-05.jpg	@1_084854_e8979d28-2718-4259-8758-2679da74f3df.png	900
assets/img/galleri/gardiner-06.jpg	@1_084855_a002d4aa-c265-4470-97db-42104317f891.png	900
assets/img/galleri/gardiner-07.jpg	@1_084858_346248fb-86aa-4f80-9cfe-ab338a02a492.png	900
assets/img/galleri/gardiner-08.jpg	@1_084859_fa7bc4ee-7d3f-4b79-be25-7a05e9023230.png	900
assets/img/galleri/gardiner-09.jpg	@1_083931_b6d6faeb-8bfb-4255-874a-bc6e8d409015.png	900
assets/img/galleri/gardiner-10.jpg	@1_085032_f52cf723-d1e4-4b7a-8b30-977ac76b36a4.png	900
assets/img/galleri/insektnet-01.jpg	@1_085036_63a355ae-4d6a-44d6-9df8-63284054f583.png	900
assets/img/galleri/insektnet-02.jpg	@1_085037_10868629-4075-4fa4-8551-d8bdcc832727.png	900
assets/img/galleri/insektnet-03.jpg	@1_085039_fc38da01-a54e-4ff0-a261-e524ed1a7892.png	900
assets/img/galleri/moerklaegning-01.jpg	@1_085040_bf917154-9b42-485f-aff8-fe11d236485e.png	900
assets/img/galleri/moerklaegning-02.jpg	@1_085042_8eec1f0d-b26f-4d9b-a63d-9a02ae6f8a11.png	900
assets/img/galleri/moerklaegning-03.jpg	@1_085044_5dbbd51a-6e34-477b-a32f-cdf81932f48c.png	900
assets/img/galleri/moerklaegning-04.jpg	@1_085327_fff744b6-1398-4ff7-9ab2-8930177f0594.png	900
assets/img/galleri/moerklaegning-05.jpg	@1_090108_a7f13ba6-4178-4c1e-885c-cdea4d38c534.png	900
assets/img/galleri/persienne-01.jpg	@1_085329_f0b28ef0-beee-403a-a953-e95c4f80a6a0.png	900
assets/img/galleri/persienne-02.jpg	@1_085330_eb9f1430-377d-4d03-9aee-967b8142be4e.png	900
assets/img/galleri/persienne-03.jpg	@1_085332_16740346-1f53-40c9-b1d8-861da6056291.png	900
assets/img/galleri/persienne-04.jpg	@1_085333_0496318b-b164-4d47-8cbc-8f69020e6f1a.png	900
assets/img/galleri/persienne-05.jpg	@1_085335_4cd1b8d1-7acd-4a21-87b5-4ed39d1e8183.png	900
assets/img/galleri/plisse-01.jpg	@1_085336_a9bfb864-287c-4ca1-ac57-466984d761dd.png	900
assets/img/galleri/plisse-02.jpg	@1_085620_64ceb804-8c58-43da-a321-0afdd1e8d3fd.png	900
assets/img/galleri/plisse-03.jpg	@1_090112_26285f77-5266-4ec2-a083-c8065b9cb2ca.png	900
assets/img/galleri/proever-01.jpg	@1_085623_922f2a8c-5cf6-425c-b1bb-8d910fc100f0.png	900
assets/img/galleri/proever-02.jpg	@1_085626_09b7e538-0000-446e-a9d0-c69161fb9b78.png	900
assets/img/galleri/rullegardin-01.jpg	@1_085627_19d69a65-97c8-4fe4-89c2-38e7bc364ed9.png	900
assets/img/galleri/rullegardin-02.jpg	@1_085628_8aeafc8e-dd47-4fe3-b83c-4e1a85763b66.png	900
assets/img/galleri/rullegardin-03.jpg	@1_085630_06c2877a-ae12-4c51-b322-56735b6fbad0.png	900
assets/img/galleri/rullegardin-04.jpg	@1_090113_084591af-98e1-4c02-8681-50b16ee65fad.png	900
assets/img/galleri/traejalousi-01.jpg	@1_090114_31d437d6-f198-4194-ae79-c2387d5fa837.png	900
assets/img/galleri/traejalousi-02.jpg	@1_090115_16d4b92e-502d-41cb-a7c0-1bb87179653d.png	900
assets/img/galleri/traejalousi-03.jpg	@1_090116_6cac117e-f35b-47b0-8825-7ae119eb0844.png	900
assets/img/galleri/traejalousi-04.jpg	@1_090117_99174a61-af9d-41b9-9979-0555cc6a7150.png	900
assets/img/galleri/traejalousi-05.jpg	@1_090120_ae8c75c4-38b6-4127-a0b6-7815e7117fa4.png	900
assets/img/galleri/traejalousi-06.jpg	@1_090251_2618ea65-50a1-4559-b55a-ef67955b95b9.png	900
assets/img/galleri/traejalousi-07.jpg	@1_090253_76bbb96f-6941-4bd6-a274-a2b79fdcf44e.png	900
assets/img/galleri/traejalousi-08.jpg	@1_090254_ac6fdeed-3ccf-41f7-a5a5-6f832bc73e32.png	900
assets/img/galleri/traejalousi-09.jpg	@1_090255_5e398f1b-1652-49ca-8034-3d5ae447efb7.png	900
